{
	"class_name" : "PinholeCameraParameters",
	"extrinsic" : 
	[
		-0.93977495308996428,
		0.32342474373989322,
		-0.11054172371344635,
		0.0,
		0.31285897991120687,
		0.68375566733208748,
		-0.65924005193872359,
		0.0,
		-0.13763101479562884,
		-0.65412125980435487,
		-0.74376278559651621,
		0.0,
		8.9507264363082246,
		11.409612503751154,
		10.512259133862145,
		1.0
	],
	"intrinsic" : 
	{
		"height" : 1494,
		"intrinsic_matrix" : 
		[
			2052.3656323326031,
			0.0,
			0.0,
			0.0,
			2052.3656323326031,
			0.0,
			1279.5,
			746.5,
			1.0
		],
		"width" : 2560
	},
	"version_major" : 1,
	"version_minor" : 0
}