{
	"class_name" : "PinholeCameraParameters",
	"extrinsic" : 
	[
		0.82089031117212297,
		-0.098696907663376257,
		-0.56249268212255188,
		0.0,
		0.31560366048358884,
		-0.74247878971009618,
		0.59086341596005953,
		0.0,
		-0.47595527784981534,
		-0.66255880286078594,
		-0.57834453938684971,
		0.0,
		17.202874222279949,
		4.5863313282426024,
		28.725618089002765,
		1.0
	],
	"intrinsic" : 
	{
		"height" : 1476,
		"intrinsic_matrix" : 
		[
			1158.4279559127078,
			0.0,
			0.0,
			0.0,
			1158.4279559127078,
			0.0,
			1226.5,
			737.5,
			1.0
		],
		"width" : 2454
	},
	"version_major" : 1,
	"version_minor" : 0
}