{
	"class_name" : "PinholeCameraParameters",
	"extrinsic" : 
	[
		-0.91883128939889824,
		0.30207891232380168,
		-0.25396336812782133,
		0.0,
		0.39452332921368666,
		0.71941674541336431,
		-0.57165626833350791,
		0.0,
		0.010020195991463976,
		-0.62545013961794871,
		-0.7801997939785561,
		0.0,
		8.2230816318722173,
		11.585246740452837,
		9.0000151596792293,
		1.0
	],
	"intrinsic" : 
	{
		"height" : 1494,
		"intrinsic_matrix" : 
		[
			1293.8419532539515,
			0.0,
			0.0,
			0.0,
			1293.8419532539515,
			0.0,
			1279.5,
			746.5,
			1.0
		],
		"width" : 2560
	},
	"version_major" : 1,
	"version_minor" : 0
}